{
  "label_aps": {
    "car": {
      "0.5": 0.8279143012628367,
      "1.0": 0.9333782877291026,
      "2.0": 0.9534916562271417,
      "4.0": 0.9654168045229089
    },
    "truck": {
      "0.5": 0.723458943651623,
      "1.0": 0.8173164140009366,
      "2.0": 0.8364023744418936,
      "4.0": 0.8531815974506562
    },
    "bus": {
      "0.5": 0.9941211052322166,
      "1.0": 0.9941211052322166,
      "2.0": 0.9941211052322166,
      "4.0": 0.9941211052322166
    },
    "trailer": {
      "0.5": 0.0,
      "1.0": 0.0,
      "2.0": 0.0,
      "4.0": 0.0
    },
    "construction_vehicle": {
      "0.5": 0.0,
      "1.0": 0.0,
      "2.0": 0.0,
      "4.0": 0.0
    },
    "pedestrian": {
      "0.5": 0.9069275353897336,
      "1.0": 0.9172902744133908,
      "2.0": 0.926646001046899,
      "4.0": 0.9501456173378965
    },
    "motorcycle": {
      "0.5": 0.611840889592112,
      "1.0": 0.7065360918658091,
      "2.0": 0.7260300356857731,
      "4.0": 0.7720958502178948
    },
    "bicycle": {
      "0.5": 0.5223120369256964,
      "1.0": 0.5223120369256964,
      "2.0": 0.5223120369256964,
      "4.0": 0.5388282502193336
    },
    "traffic_cone": {
      "0.5": 0.9041884539728928,
      "1.0": 0.9041884539728928,
      "2.0": 0.9041884539728928,
      "4.0": 0.9041884539728928
    },
    "barrier": {
      "0.5": 0.0,
      "1.0": 0.0,
      "2.0": 0.0,
      "4.0": 0.0
    }
  },
  "mean_dist_aps": {
    "car": 0.9200502624354975,
    "truck": 0.8075898323862774,
    "bus": 0.9941211052322166,
    "trailer": 0.0,
    "construction_vehicle": 0.0,
    "pedestrian": 0.92525235704698,
    "motorcycle": 0.7041257168403973,
    "bicycle": 0.5264410902491057,
    "traffic_cone": 0.9041884539728928,
    "barrier": 0.0
  },
  "mean_ap": 0.5781768818163366,
  "label_tp_errors": {
    "car": {
      "trans_err": 0.17894553992379916,
      "scale_err": 0.15999300046099582,
      "orient_err": 0.1104099624014955,
      "vel_err": 0.12520537387724798,
      "attr_err": 0.12256527599508162
    },
    "truck": {
      "trans_err": 0.16664450988138635,
      "scale_err": 0.12602793204991886,
      "orient_err": 0.033492518896021894,
      "vel_err": 0.07624164787347766,
      "attr_err": 0.011417054433972357
    },
    "bus": {
      "trans_err": 0.16407336976274733,
      "scale_err": 0.07766985832553108,
      "orient_err": 0.026154526492880286,
      "vel_err": 0.4252019208874091,
      "attr_err": 0.04019149335394034
    },
    "trailer": {
      "trans_err": 1.0,
      "scale_err": 1.0,
      "orient_err": 1.0,
      "vel_err": 1.0,
      "attr_err": 1.0
    },
    "construction_vehicle": {
      "trans_err": 1.0,
      "scale_err": 1.0,
      "orient_err": 1.0,
      "vel_err": 1.0,
      "attr_err": 1.0
    },
    "pedestrian": {
      "trans_err": 0.1191365144163382,
      "scale_err": 0.2585202239282841,
      "orient_err": 0.3868378960326622,
      "vel_err": 0.22292297083389692,
      "attr_err": 0.20000137044808905
    },
    "motorcycle": {
      "trans_err": 0.2042304442615256,
      "scale_err": 0.26043038782556516,
      "orient_err": 0.39103444911450175,
      "vel_err": 0.053525895773521764,
      "attr_err": 0.0
    },
    "bicycle": {
      "trans_err": 0.17508738545964078,
      "scale_err": 0.2495238548795438,
      "orient_err": 0.3815768562939616,
      "vel_err": 0.5482484957314895,
      "attr_err": 0.6417170355419515
    },
    "traffic_cone": {
      "trans_err": 0.07613448867614905,
      "scale_err": 0.3325089828845822,
      "orient_err": NaN,
      "vel_err": NaN,
      "attr_err": NaN
    },
    "barrier": {
      "trans_err": 1.0,
      "scale_err": 1.0,
      "orient_err": 1.0,
      "vel_err": NaN,
      "attr_err": NaN
    }
  },
  "tp_errors": {
    "trans_err": 0.4084252252381586,
    "scale_err": 0.44646742403544215,
    "orient_err": 0.48105624547016923,
    "vel_err": 0.43141828812213034,
    "attr_err": 0.3769865287216293
  },
  "tp_scores": {
    "trans_err": 0.5915747747618414,
    "scale_err": 0.5535325759645578,
    "orient_err": 0.5189437545298308,
    "vel_err": 0.5685817118778697,
    "attr_err": 0.6230134712783707
  },
  "nd_score": 0.5746530697494153,
  "eval_time": 0.7528669834136963,
  "cfg": {
    "class_range": {
      "car": 50,
      "truck": 50,
      "bus": 50,
      "trailer": 50,
      "construction_vehicle": 50,
      "pedestrian": 40,
      "motorcycle": 40,
      "bicycle": 40,
      "traffic_cone": 30,
      "barrier": 30
    },
    "dist_fcn": "center_distance",
    "dist_ths": [
      0.5,
      1.0,
      2.0,
      4.0
    ],
    "dist_th_tp": 2.0,
    "min_recall": 0.1,
    "min_precision": 0.1,
    "max_boxes_per_sample": 500,
    "mean_ap_weight": 5
  },
  "meta": {
    "use_camera": true,
    "use_lidar": true,
    "use_radar": false,
    "use_map": false,
    "use_external": false
  }
}