{
  "label_aps": {
    "car": {
      "0.5": 0.764069020266533,
      "1.0": 0.8833833081364889,
      "2.0": 0.9182289398609187,
      "4.0": 0.9288504848195349
    },
    "truck": {
      "0.5": 0.7091673109577223,
      "1.0": 0.7689878172215496,
      "2.0": 0.7859379856327126,
      "4.0": 0.7875573239733427
    },
    "bus": {
      "0.5": 0.47171964123060656,
      "1.0": 0.994801819363223,
      "2.0": 0.994801819363223,
      "4.0": 0.994801819363223
    },
    "trailer": {
      "0.5": 0.0,
      "1.0": 0.0,
      "2.0": 0.0,
      "4.0": 0.0
    },
    "construction_vehicle": {
      "0.5": 0.0,
      "1.0": 0.0,
      "2.0": 0.0,
      "4.0": 0.0
    },
    "pedestrian": {
      "0.5": 0.8155938686888429,
      "1.0": 0.825487295203754,
      "2.0": 0.8534867938680074,
      "4.0": 0.8852273483785607
    },
    "motorcycle": {
      "0.5": 0.5722825501736636,
      "1.0": 0.663986786197511,
      "2.0": 0.6954215805677685,
      "4.0": 0.7324683082392954
    },
    "bicycle": {
      "0.5": 0.3770891827360925,
      "1.0": 0.48059805411632195,
      "2.0": 0.5013248695257878,
      "4.0": 0.5021650941082226
    },
    "traffic_cone": {
      "0.5": 0.15561779972789358,
      "1.0": 0.18366938583575754,
      "2.0": 0.21896481285816233,
      "4.0": 0.23572355338808734
    },
    "barrier": {
      "0.5": 0.0,
      "1.0": 0.0,
      "2.0": 0.0,
      "4.0": 0.0
    }
  },
  "mean_dist_aps": {
    "car": 0.8736329382708689,
    "truck": 0.7629126094463319,
    "bus": 0.8640312748300688,
    "trailer": 0.0,
    "construction_vehicle": 0.0,
    "pedestrian": 0.8449488265347912,
    "motorcycle": 0.6660398062945596,
    "bicycle": 0.4652943001216062,
    "traffic_cone": 0.19849388795247522,
    "barrier": 0.0
  },
  "mean_ap": 0.4675353643450702,
  "label_tp_errors": {
    "car": {
      "trans_err": 0.19623047769794824,
      "scale_err": 0.15788811395224692,
      "orient_err": 0.13661814907019296,
      "vel_err": 0.11605805865370122,
      "attr_err": 0.11859593608850448
    },
    "truck": {
      "trans_err": 0.21257219447154188,
      "scale_err": 0.15514204268995696,
      "orient_err": 0.05961376933832471,
      "vel_err": 0.13004776357566405,
      "attr_err": 0.018880809616632178
    },
    "bus": {
      "trans_err": 0.43748866001946646,
      "scale_err": 0.11277330282468825,
      "orient_err": 0.06330454529088231,
      "vel_err": 0.5617771302607045,
      "attr_err": 0.06369052025296686
    },
    "trailer": {
      "trans_err": 1.0,
      "scale_err": 1.0,
      "orient_err": 1.0,
      "vel_err": 1.0,
      "attr_err": 1.0
    },
    "construction_vehicle": {
      "trans_err": 1.0,
      "scale_err": 1.0,
      "orient_err": 1.0,
      "vel_err": 1.0,
      "attr_err": 1.0
    },
    "pedestrian": {
      "trans_err": 0.13986331687745626,
      "scale_err": 0.2704650859427349,
      "orient_err": 0.46466421390558077,
      "vel_err": 0.23210292568142263,
      "attr_err": 0.1763202330159901
    },
    "motorcycle": {
      "trans_err": 0.2619546278858212,
      "scale_err": 0.31845683273321973,
      "orient_err": 1.4082265209605338,
      "vel_err": 0.07489644736047676,
      "attr_err": 0.0
    },
    "bicycle": {
      "trans_err": 0.2808178830438893,
      "scale_err": 0.22827626754720323,
      "orient_err": 0.48853329801631873,
      "vel_err": 0.36740708309115305,
      "attr_err": 0.5999433367436756
    },
    "traffic_cone": {
      "trans_err": 0.34976743391175924,
      "scale_err": 0.41501224074913473,
      "orient_err": NaN,
      "vel_err": NaN,
      "attr_err": NaN
    },
    "barrier": {
      "trans_err": 1.0,
      "scale_err": 1.0,
      "orient_err": 1.0,
      "vel_err": NaN,
      "attr_err": NaN
    }
  },
  "tp_errors": {
    "trans_err": 0.48786945939078824,
    "scale_err": 0.46580138864391857,
    "orient_err": 0.6245511662868704,
    "vel_err": 0.43528617607789033,
    "attr_err": 0.3721788544647212
  },
  "tp_scores": {
    "trans_err": 0.5121305406092118,
    "scale_err": 0.5341986113560815,
    "orient_err": 0.37544883371312965,
    "vel_err": 0.5647138239221097,
    "attr_err": 0.6278211455352788
  },
  "nd_score": 0.4951989776861162,
  "eval_time": 0.6901240348815918,
  "cfg": {
    "class_range": {
      "car": 50,
      "truck": 50,
      "bus": 50,
      "trailer": 50,
      "construction_vehicle": 50,
      "pedestrian": 40,
      "motorcycle": 40,
      "bicycle": 40,
      "traffic_cone": 30,
      "barrier": 30
    },
    "dist_fcn": "center_distance",
    "dist_ths": [
      0.5,
      1.0,
      2.0,
      4.0
    ],
    "dist_th_tp": 2.0,
    "min_recall": 0.1,
    "min_precision": 0.1,
    "max_boxes_per_sample": 500,
    "mean_ap_weight": 5
  },
  "meta": {
    "use_camera": true,
    "use_lidar": true,
    "use_radar": false,
    "use_map": false,
    "use_external": false
  }
}