{
  "device": "mps",
  "frames_processed": 404,
  "partial_run": false,
  "mIoU_bev": 0.1901559171308172,
  "per_class_mIoU": {
    "car": 0.2767198692087837,
    "truck": 0.17776623376623377,
    "construction_vehicle": 0.3576086956521739,
    "bus": 0.23681445681865937,
    "trailer": 0.023076923076923078,
    "barrier": 0.27052282942985567,
    "motorcycle": 0.10911949685534592,
    "bicycle": 0.10952738184546136,
    "pedestrian": 0.1288808799789766,
    "traffic_cone": 0.21152240467575842,
    "mIoU": 0.1901559171308172
  },
  "avg_latency_ms": 188.02678211313201,
  "mini_val": {
    "NDS": 0.20988935093312538,
    "mAP": 0.16335196942167154,
    "per_class_AP": {
      "car": 0.34953671458260605,
      "truck": 0.1569614644425937,
      "bus": 0.2718495641908417,
      "trailer": 0.0,
      "construction_vehicle": 0.0,
      "pedestrian": 0.2791934489483302,
      "motorcycle": 0.195546170679797,
      "bicycle": 0.13481929039197493,
      "traffic_cone": 0.24561304098057196,
      "barrier": 0.0
    }
  },
  "mini_train": {
    "NDS": 0.29115838601925753,
    "mAP": 0.2401549211976502,
    "per_class_AP": {
      "car": 0.3657518238297147,
      "truck": 0.12795892210629428,
      "bus": 0.238901121450259,
      "trailer": 0.00603482681399348,
      "construction_vehicle": 0.3620207669908514,
      "pedestrian": 0.27340239962051205,
      "motorcycle": 0.18138690051024664,
      "bicycle": 0.16970154115020958,
      "traffic_cone": 0.3655162080621924,
      "barrier": 0.3108747014422284
    }
  }
}