{
  "device": "cpu",
  "frames_processed": 1,
  "partial_run": true,
  "mIoU_bev": 0.14619856199995407,
  "per_class_mIoU": {
    "car": 0.14893617021276595,
    "truck": 0.24324324324324326,
    "construction_vehicle": null,
    "bus": 0.0,
    "trailer": null,
    "barrier": 0.20754716981132076,
    "motorcycle": null,
    "bicycle": null,
    "pedestrian": 0.07746478873239436,
    "traffic_cone": 0.2,
    "mIoU": 0.14619856199995407
  },
  "avg_latency_ms": 2757.6844168361276
}