{
  "amota": 0.6265068996409366,
  "amotp": 0.772147925080536,
  "mota": 0.6314078165834628,
  "recall": 0.7088907915159549
}