{
  "mAP": 0.46304000579108157,
  "NDS": 0.47982529822525455,
  "per_class_AP": {
    "car": 0.7377217387869464,
    "truck": 0.7066117026234411,
    "bus": 0.6987210439808573,
    "trailer": 0.0,
    "construction_vehicle": 0.0,
    "pedestrian": 0.6547116228781201,
    "motorcycle": 0.683315686060571,
    "bicycle": 0.33066605361702744,
    "traffic_cone": 0.818652209963852,
    "barrier": 0.0
  }
}